tick,timestamp,experience,dim_shraddha,dim_bhaya,dim_vairagya,dim_spanda,spike_shraddha,spike_bhaya,spike_vairagya,spike_spanda,vairagya_decay_contribution,W_shraddha_bhaya,W_shraddha_vairagya,W_shraddha_spanda,W_bhaya_shraddha,W_bhaya_vairagya,W_bhaya_spanda,W_vairagya_shraddha,W_vairagya_bhaya,W_vairagya_spanda,W_spanda_shraddha,W_spanda_bhaya,W_spanda_vairagya,lab_shraddha_bhaya,lab_shraddha_vairagya,lab_shraddha_spanda,lab_bhaya_shraddha,lab_bhaya_vairagya,lab_bhaya_spanda,lab_vairagya_shraddha,lab_vairagya_bhaya,lab_vairagya_spanda,lab_spanda_shraddha,lab_spanda_bhaya,lab_spanda_vairagya,vel_shraddha_bhaya,vel_shraddha_vairagya,vel_shraddha_spanda,vel_bhaya_shraddha,vel_bhaya_vairagya,vel_bhaya_spanda,vel_vairagya_shraddha,vel_vairagya_bhaya,vel_vairagya_spanda,vel_spanda_shraddha,vel_spanda_bhaya,vel_spanda_vairagya,experiment_phase
1,1773730715.6560183,,0.5,0.0,0.3,0.394,1,0,0,1,3e-05,0.0,0.0,0.01,0.0,0.0,0.0,0.0,0.0,0.0,0.01,0.0,0.0,0.0,0.0,0.0,0.0,0.0,0.0,0.0,0.0,0.0,0.0,0.0,0.0,0.0,0.0,0.0099997,0.0,0.0,0.0,0.0,0.0,0.0,0.0099997,0.0,0.0,A
2,1773730715.666119,,0.5,0.0,0.3,0.38818,1,0,0,1,3e-05,0.0,0.0,0.019999,0.0,0.0,0.0,0.0,0.0,0.0,0.019999,0.0,0.0,0.0,0.0,0.0,0.0,0.0,0.0,0.0,0.0,0.0,0.0,0.0,0.0,0.0,0.0,0.0099994,0.0,0.0,0.0,0.0,0.0,0.0,0.0099994,0.0,0.0,A
3,1773730715.6755586,,0.5,0.0,0.3,0.382535,1,0,0,1,3e-05,0.0,0.0,0.029998,0.0,0.0,0.0,0.0,0.0,0.0,0.029998,0.0,0.0,0.0,0.0,0.0,0.0,0.0,0.0,0.0,0.0,0.0,0.0,0.0,0.0,0.0,0.0,0.0099991,0.0,0.0,0.0,0.0,0.0,0.0,0.0099991,0.0,0.0,A
4,1773730715.68508,,0.5,0.0,0.3,0.377059,1,0,0,1,3e-05,0.0,0.0,0.039997,0.0,0.0,0.0,0.0,0.0,0.0,0.039997,0.0,0.0,0.0,0.0,0.0,0.0,0.0,0.0,0.0,0.0,0.0,0.0,0.0,0.0,0.0,0.0,0.0099988,0.0,0.0,0.0,0.0,0.0,0.0,0.0099988,0.0,0.0,A
5,1773730715.69408,,0.5,0.0,0.3,0.371747,1,0,0,1,3e-05,0.0,0.0,0.049996,0.0,0.0,0.0,0.0,0.0,0.0,0.049996,0.0,0.0,0.0,0.0,0.0,0.0,0.0,0.0,0.0,0.0,0.0,0.0,0.0,0.0,0.0,0.0,0.0099985,0.0,0.0,0.0,0.0,0.0,0.0,0.0099985,0.0,0.0,A
6,1773730715.7030804,,0.5,0.0,0.3,0.366594,1,0,0,1,3e-05,0.0,0.0,0.059994,0.0,0.0,0.0,0.0,0.0,0.0,0.059994,0.0,0.0,0.0,0.0,0.0,0.0,0.0,0.0,0.0,0.0,0.0,0.0,0.0,0.0,0.0,0.0,0.0099982,0.0,0.0,0.0,0.0,0.0,0.0,0.0099982,0.0,0.0,A
7,1773730715.7130797,,0.5,0.0,0.3,0.361597,1,0,0,1,3e-05,0.0,0.0,0.069992,0.0,0.0,0.0,0.0,0.0,0.0,0.069992,0.0,0.0,0.0,0.0,0.0,0.0,0.0,0.0,0.0,0.0,0.0,0.0,0.0,0.0,0.0,0.0,0.0099979,0.0,0.0,0.0,0.0,0.0,0.0,0.0099979,0.0,0.0,A
8,1773730715.7766514,,0.5,0.0,0.3,0.356749,1,0,0,1,3e-05,0.0,0.0,0.079989,0.0,0.0,0.0,0.0,0.0,0.0,0.079989,0.0,0.0,0.0,0.0,0.0,0.0,0.0,0.0,0.0,0.0,0.0,0.0,0.0,0.0,0.0,0.0,0.0099976,0.0,0.0,0.0,0.0,0.0,0.0,0.0099976,0.0,0.0,A
9,1773730715.7861638,,0.5,0.0,0.3,0.352046,1,0,0,1,3e-05,0.0,0.0,0.089987,0.0,0.0,0.0,0.0,0.0,0.0,0.089987,0.0,0.0,0.0,0.0,0.0,0.0,0.0,0.0,0.0,0.0,0.0,0.0,0.0,0.0,0.0,0.0,0.0099973,0.0,0.0,0.0,0.0,0.0,0.0,0.0099973,0.0,0.0,A
10,1773730715.7966723,,0.5,0.0,0.3,0.347485,1,0,0,1,3e-05,0.0,0.0,0.099984,0.0,0.0,0.0,0.0,0.0,0.0,0.099984,0.0,0.0,0.0,0.0,0.0,0.0,0.0,0.0,0.0,0.0,0.0,0.0,0.0,0.0,0.0,0.0,0.009997,0.0,0.0,0.0,0.0,0.0,0.0,0.009997,0.0,0.0,A
11,1773730715.8056724,,0.5,0.0,0.3,0.34306,1,0,0,1,3e-05,0.0,0.0,0.10998,0.0,0.0,0.0,0.0,0.0,0.0,0.10998,0.0,0.0,0.0,0.0,0.0,0.0,0.0,0.0,0.0,0.0,0.0,0.0,0.0,0.0,0.0,0.0,0.0099967,0.0,0.0,0.0,0.0,0.0,0.0,0.0099967,0.0,0.0,A
12,1773730715.8166723,,0.5,0.0,0.3,0.338768,1,0,0,1,3e-05,0.0,0.0,0.119977,0.0,0.0,0.0,0.0,0.0,0.0,0.119977,0.0,0.0,0.0,0.0,0.0,0.0,0.0,0.0,0.0,0.0,0.0,0.0,0.0,0.0,0.0,0.0,0.0099964,0.0,0.0,0.0,0.0,0.0,0.0,0.0099964,0.0,0.0,A
13,1773730715.8256724,,0.5,0.0,0.3,0.334605,1,0,0,1,3e-05,0.0,0.0,0.129973,0.0,0.0,0.0,0.0,0.0,0.0,0.129973,0.0,0.0,0.0,0.0,0.0,0.0,0.0,0.0,0.0,0.0,0.0,0.0,0.0,0.0,0.0,0.0,0.0099961,0.0,0.0,0.0,0.0,0.0,0.0,0.0099961,0.0,0.0,A
14,1773730715.8366723,,0.5,0.0,0.3,0.330567,1,0,0,1,3e-05,0.0,0.0,0.139969,0.0,0.0,0.0,0.0,0.0,0.0,0.139969,0.0,0.0,0.0,0.0,0.0,0.0,0.0,0.0,0.0,0.0,0.0,0.0,0.0,0.0,0.0,0.0,0.0099958,0.0,0.0,0.0,0.0,0.0,0.0,0.0099958,0.0,0.0,A
15,1773730715.846672,,0.5,0.0,0.3,0.32665,1,0,0,1,3e-05,0.0,0.0,0.149964,0.0,0.0,0.0,0.0,0.0,0.0,0.149964,0.0,0.0,0.0,0.0,0.0,0.0,0.0,0.0,0.0,0.0,0.0,0.0,0.0,0.0,0.0,0.0,0.0099955,0.0,0.0,0.0,0.0,0.0,0.0,0.0099955,0.0,0.0,A
16,1773730715.8576725,,0.5,0.0,0.3,0.322851,1,0,0,1,3e-05,0.0,0.0,0.159959,0.0,0.0,0.0,0.0,0.0,0.0,0.159959,0.0,0.0,0.0,0.0,0.0,0.0,0.0,0.0,0.0,0.0,0.0,0.0,0.0,0.0,0.0,0.0,0.0099952,0.0,0.0,0.0,0.0,0.0,0.0,0.0099952,0.0,0.0,A
17,1773730715.8666775,,0.5,0.0,0.3,0.319165,1,0,0,1,3e-05,0.0,0.0,0.169954,0.0,0.0,0.0,0.0,0.0,0.0,0.169954,0.0,0.0,0.0,0.0,0.0,0.0,0.0,0.0,0.0,0.0,0.0,0.0,0.0,0.0,0.0,0.0,0.0099949,0.0,0.0,0.0,0.0,0.0,0.0,0.0099949,0.0,0.0,A
18,1773730715.876998,,0.5,0.0,0.3,0.31559,1,0,0,1,3e-05,0.0,0.0,0.179949,0.0,0.0,0.0,0.0,0.0,0.0,0.179949,0.0,0.0,0.0,0.0,0.0,0.0,0.0,0.0,0.0,0.0,0.0,0.0,0.0,0.0,0.0,0.0,0.0099946,0.0,0.0,0.0,0.0,0.0,0.0,0.0099946,0.0,0.0,A
19,1773730715.8875198,,0.5,0.0,0.3,0.312123,1,0,0,1,3e-05,0.0,0.0,0.189943,0.0,0.0,0.0,0.0,0.0,0.0,0.189943,0.0,0.0,0.0,0.0,0.0,0.0,0.0,0.0,0.0,0.0,0.0,0.0,0.0,0.0,0.0,0.0,0.0099943,0.0,0.0,0.0,0.0,0.0,0.0,0.0099943,0.0,0.0,A
20,1773730715.8975186,,0.5,0.0,0.3,0.308759,1,0,0,1,3e-05,0.0,0.0,0.199937,0.0,0.0,0.0,0.0,0.0,0.0,0.199937,0.0,0.0,0.0,0.0,0.0,0.0,0.0,0.0,0.0,0.0,0.0,0.0,0.0,0.0,0.0,0.0,0.009994,0.0,0.0,0.0,0.0,0.0,0.0,0.009994,0.0,0.0,A
21,1773730715.907661,,0.5,0.0,0.3,0.305496,1,0,0,1,3e-05,0.0,0.0,0.209931,0.0,0.0,0.0,0.0,0.0,0.0,0.209931,0.0,0.0,0.0,0.0,0.0,0.0,0.0,0.0,0.0,0.0,0.0,0.0,0.0,0.0,0.0,0.0,0.0099937,0.0,0.0,0.0,0.0,0.0,0.0,0.0099937,0.0,0.0,A
22,1773730715.9196658,,0.5,0.0,0.3,0.302331,1,0,0,1,3e-05,0.0,0.0,0.219924,0.0,0.0,0.0,0.0,0.0,0.0,0.219924,0.0,0.0,0.0,0.0,0.0,0.0,0.0,0.0,0.0,0.0,0.0,0.0,0.0,0.0,0.0,0.0,0.0099934,0.0,0.0,0.0,0.0,0.0,0.0,0.0099934,0.0,0.0,A
23,1773730715.9298797,,0.5,0.0,0.3,0.299261,1,0,0,1,3e-05,0.0,0.0,0.229917,0.0,0.0,0.0,0.0,0.0,0.0,0.229917,0.0,0.0,0.0,0.0,0.0,0.0,0.0,0.0,0.0,0.0,0.0,0.0,0.0,0.0,0.0,0.0,0.0099931,0.0,0.0,0.0,0.0,0.0,0.0,0.0099931,0.0,0.0,A
24,1773730715.9410493,,0.5,0.0,0.3,0.296283,1,0,0,1,3e-05,0.0,0.0,0.23991,0.0,0.0,0.0,0.0,0.0,0.0,0.23991,0.0,0.0,0.0,0.0,0.0,0.0,0.0,0.0,0.0,0.0,0.0,0.0,0.0,0.0,0.0,0.0,0.0099928,0.0,0.0,0.0,0.0,0.0,0.0,0.0099928,0.0,0.0,A
25,1773730715.9521167,,0.5,0.0,0.3,0.293395,1,0,0,1,3e-05,0.0,0.0,0.249903,0.0,0.0,0.0,0.0,0.0,0.0,0.249903,0.0,0.0,0.0,0.0,0.0,0.0,0.0,0.0,0.0,0.0,0.0,0.0,0.0,0.0,0.0,0.0,0.0099925,0.0,0.0,0.0,0.0,0.0,0.0,0.0099925,0.0,0.0,A
26,1773730715.962116,,0.5,0.0,0.3,0.290593,1,0,0,1,3e-05,0.0,0.0,0.259895,0.0,0.0,0.0,0.0,0.0,0.0,0.259895,0.0,0.0,0.0,0.0,0.0,0.0,0.0,0.0,0.0,0.0,0.0,0.0,0.0,0.0,0.0,0.0,0.0099922,0.0,0.0,0.0,0.0,0.0,0.0,0.0099922,0.0,0.0,A
27,1773730715.97239,,0.5,0.0,0.3,0.287875,1,0,0,1,3e-05,0.0,0.0,0.269887,0.0,0.0,0.0,0.0,0.0,0.0,0.269887,0.0,0.0,0.0,0.0,0.0,0.0,0.0,0.0,0.0,0.0,0.0,0.0,0.0,0.0,0.0,0.0,0.0099919,0.0,0.0,0.0,0.0,0.0,0.0,0.0099919,0.0,0.0,A
28,1773730715.9829059,,0.5,0.0,0.3,0.285239,1,0,0,1,3e-05,0.0,0.0,0.279878,0.0,0.0,0.0,0.0,0.0,0.0,0.279878,0.0,0.0,0.0,0.0,0.0,0.0,0.0,0.0,0.0,0.0,0.0,0.0,0.0,0.0,0.0,0.0,0.0099916,0.0,0.0,0.0,0.0,0.0,0.0,0.0099916,0.0,0.0,A
29,1773730715.9941003,,0.5,0.0,0.3,0.282682,1,0,0,1,3e-05,0.0,0.0,0.28987,0.0,0.0,0.0,0.0,0.0,0.0,0.28987,0.0,0.0,0.0,0.0,0.0,0.0,0.0,0.0,0.0,0.0,0.0,0.0,0.0,0.0,0.0,0.0,0.0099913,0.0,0.0,0.0,0.0,0.0,0.0,0.0099913,0.0,0.0,A
30,1773730716.00512,,0.5,0.0,0.3,0.280201,1,0,0,1,3e-05,0.0,0.0,0.299861,0.0,0.0,0.0,0.0,0.0,0.0,0.299861,0.0,0.0,0.0,0.0,0.0,0.0,0.0,0.0,0.0,0.0,0.0,0.0,0.0,0.0,0.0,0.0,0.009991,0.0,0.0,0.0,0.0,0.0,0.0,0.009991,0.0,0.0,A
31,1773730716.0161288,,0.5,0.0,0.3,0.277795,1,0,0,1,3e-05,0.0,0.0,0.309851,0.0,0.0,0.0,0.0,0.0,0.0,0.309851,0.0,0.0,0.0,0.0,0.0,0.0,0.0,0.0,0.0,0.0,0.0,0.0,0.0,0.0,0.0,0.0,0.0099907,0.0,0.0,0.0,0.0,0.0,0.0,0.0099907,0.0,0.0,A
32,1773730716.0271282,,0.5,0.0,0.3,0.275462,1,0,0,0,3e-05,0.0,0.0,0.309842,0.0,0.0,0.0,0.0,0.0,0.0,0.309842,0.0,0.0,0.0,0.0,0.0,0.0,0.0,0.0,0.0,0.0,0.0,0.0,0.0,0.0,0.0,0.0,-9.3e-06,0.0,0.0,0.0,0.0,0.0,0.0,-9.3e-06,0.0,0.0,A
33,1773730716.0381281,,0.5,0.0,0.3,0.273198,1,0,0,0,3e-05,0.0,0.0,0.309833,0.0,0.0,0.0,0.0,0.0,0.0,0.309833,0.0,0.0,0.0,0.0,0.0,0.0,0.0,0.0,0.0,0.0,0.0,0.0,0.0,0.0,0.0,0.0,-9.3e-06,0.0,0.0,0.0,0.0,0.0,0.0,-9.3e-06,0.0,0.0,A
34,1773730716.0499606,,0.5,0.0,0.3,0.271002,1,0,0,0,3e-05,0.0,0.0,0.309823,0.0,0.0,0.0,0.0,0.0,0.0,0.309823,0.0,0.0,0.0,0.0,0.0,0.0,0.0,0.0,0.0,0.0,0.0,0.0,0.0,0.0,0.0,0.0,-9.29e-06,0.0,0.0,0.0,0.0,0.0,0.0,-9.29e-06,0.0,0.0,A
35,1773730716.0619607,,0.5,0.0,0.3,0.268872,1,0,0,0,3e-05,0.0,0.0,0.309814,0.0,0.0,0.0,0.0,0.0,0.0,0.309814,0.0,0.0,0.0,0.0,0.0,0.0,0.0,0.0,0.0,0.0,0.0,0.0,0.0,0.0,0.0,0.0,-9.29e-06,0.0,0.0,0.0,0.0,0.0,0.0,-9.29e-06,0.0,0.0,A
36,1773730716.0724747,,0.5,0.0,0.3,0.266806,1,0,0,0,3e-05,0.0,0.0,0.309805,0.0,0.0,0.0,0.0,0.0,0.0,0.309805,0.0,0.0,0.0,0.0,0.0,0.0,0.0,0.0,0.0,0.0,0.0,0.0,0.0,0.0,0.0,0.0,-9.29e-06,0.0,0.0,0.0,0.0,0.0,0.0,-9.29e-06,0.0,0.0,A
37,1773730716.0829835,,0.5,0.0,0.3,0.264801,1,0,0,0,3e-05,0.0,0.0,0.309795,0.0,0.0,0.0,0.0,0.0,0.0,0.309795,0.0,0.0,0.0,0.0,0.0,0.0,0.0,0.0,0.0,0.0,0.0,0.0,0.0,0.0,0.0,0.0,-9.29e-06,0.0,0.0,0.0,0.0,0.0,0.0,-9.29e-06,0.0,0.0,A
38,1773730716.093994,,0.5,0.0,0.3,0.262857,1,0,0,0,3e-05,0.0,0.0,0.309786,0.0,0.0,0.0,0.0,0.0,0.0,0.309786,0.0,0.0,0.0,0.0,0.0,0.0,0.0,0.0,0.0,0.0,0.0,0.0,0.0,0.0,0.0,0.0,-9.29e-06,0.0,0.0,0.0,0.0,0.0,0.0,-9.29e-06,0.0,0.0,A
39,1773730716.1039994,,0.5,0.0,0.3,0.260972,1,0,0,0,3e-05,0.0,0.0,0.309777,0.0,0.0,0.0,0.0,0.0,0.0,0.309777,0.0,0.0,0.0,0.0,0.0,0.0,0.0,0.0,0.0,0.0,0.0,0.0,0.0,0.0,0.0,0.0,-9.29e-06,0.0,0.0,0.0,0.0,0.0,0.0,-9.29e-06,0.0,0.0,A
40,1773730716.1149943,,0.5,0.0,0.3,0.259142,1,0,0,0,3e-05,0.0,0.0,0.309768,0.0,0.0,0.0,0.0,0.0,0.0,0.309768,0.0,0.0,0.0,0.0,0.0,0.0,0.0,0.0,0.0,0.0,0.0,0.0,0.0,0.0,0.0,0.0,-9.29e-06,0.0,0.0,0.0,0.0,0.0,0.0,-9.29e-06,0.0,0.0,A
41,1773730716.1251688,,0.5,0.0,0.3,0.257368,1,0,0,0,3e-05,0.0,0.0,0.309758,0.0,0.0,0.0,0.0,0.0,0.0,0.309758,0.0,0.0,0.0,0.0,0.0,0.0,0.0,0.0,0.0,0.0,0.0,0.0,0.0,0.0,0.0,0.0,-9.29e-06,0.0,0.0,0.0,0.0,0.0,0.0,-9.29e-06,0.0,0.0,A
42,1773730716.1365752,,0.5,0.0,0.3,0.255647,1,0,0,0,3e-05,0.0,0.0,0.309749,0.0,0.0,0.0,0.0,0.0,0.0,0.309749,0.0,0.0,0.0,0.0,0.0,0.0,0.0,0.0,0.0,0.0,0.0,0.0,0.0,0.0,0.0,0.0,-9.29e-06,0.0,0.0,0.0,0.0,0.0,0.0,-9.29e-06,0.0,0.0,A
43,1773730716.1475751,,0.5,0.0,0.3,0.253978,1,0,0,0,3e-05,0.0,0.0,0.30974,0.0,0.0,0.0,0.0,0.0,0.0,0.30974,0.0,0.0,0.0,0.0,0.0,0.0,0.0,0.0,0.0,0.0,0.0,0.0,0.0,0.0,0.0,0.0,-9.29e-06,0.0,0.0,0.0,0.0,0.0,0.0,-9.29e-06,0.0,0.0,A
44,1773730716.158629,,0.5,0.0,0.3,0.252358,1,0,0,0,3e-05,0.0,0.0,0.30973,0.0,0.0,0.0,0.0,0.0,0.0,0.30973,0.0,0.0,0.0,0.0,0.0,0.0,0.0,0.0,0.0,0.0,0.0,0.0,0.0,0.0,0.0,0.0,-9.29e-06,0.0,0.0,0.0,0.0,0.0,0.0,-9.29e-06,0.0,0.0,A
45,1773730716.1698792,,0.5,0.0,0.3,0.250788,1,0,0,0,3e-05,0.0,0.0,0.309721,0.0,0.0,0.0,0.0,0.0,0.0,0.309721,0.0,0.0,0.0,0.0,0.0,0.0,0.0,0.0,0.0,0.0,0.0,0.0,0.0,0.0,0.0,0.0,-9.29e-06,0.0,0.0,0.0,0.0,0.0,0.0,-9.29e-06,0.0,0.0,A
46,1773730716.1803806,,0.5,0.0,0.3,0.249264,1,0,0,0,3e-05,0.0,0.0,0.309712,0.0,0.0,0.0,0.0,0.0,0.0,0.309712,0.0,0.0,0.0,0.0,0.0,0.0,0.0,0.0,0.0,0.0,0.0,0.0,0.0,0.0,0.0,0.0,-9.29e-06,0.0,0.0,0.0,0.0,0.0,0.0,-9.29e-06,0.0,0.0,A
47,1773730716.1915271,,0.5,0.0,0.3,0.247786,1,0,0,0,3e-05,0.0,0.0,0.309703,0.0,0.0,0.0,0.0,0.0,0.0,0.309703,0.0,0.0,0.0,0.0,0.0,0.0,0.0,0.0,0.0,0.0,0.0,0.0,0.0,0.0,0.0,0.0,-9.29e-06,0.0,0.0,0.0,0.0,0.0,0.0,-9.29e-06,0.0,0.0,A
48,1773730716.2015276,,0.5,0.0,0.3,0.246353,1,0,0,0,3e-05,0.0,0.0,0.309693,0.0,0.0,0.0,0.0,0.0,0.0,0.309693,0.0,0.0,0.0,0.0,0.0,0.0,0.0,0.0,0.0,0.0,0.0,0.0,0.0,0.0,0.0,0.0,-9.29e-06,0.0,0.0,0.0,0.0,0.0,0.0,-9.29e-06,0.0,0.0,A
49,1773730716.2105324,,0.5,0.0,0.3,0.244962,1,0,0,0,3e-05,0.0,0.0,0.309684,0.0,0.0,0.0,0.0,0.0,0.0,0.309684,0.0,0.0,0.0,0.0,0.0,0.0,0.0,0.0,0.0,0.0,0.0,0.0,0.0,0.0,0.0,0.0,-9.29e-06,0.0,0.0,0.0,0.0,0.0,0.0,-9.29e-06,0.0,0.0,A
50,1773730716.2205272,,0.5,0.0,0.3,0.243613,1,0,0,0,3e-05,0.0,0.0,0.309675,0.0,0.0,0.0,0.0,0.0,0.0,0.309675,0.0,0.0,0.0,0.0,0.0,0.0,0.0,0.0,0.0,0.0,0.0,0.0,0.0,0.0,0.0,0.0,-9.29e-06,0.0,0.0,0.0,0.0,0.0,0.0,-9.29e-06,0.0,0.0,A
51,1773730716.2331169,pain,0.35015,0.245,0.35,0.145305,0,0,0,0,3.5e-05,0.0,0.0,0.309664,0.0,0.0,0.0,0.0,0.0,0.0,0.309664,0.0,0.0,0.245,0.0,0.0,0.245,0.245,0.245,0.0,0.0,0.0,0.0,0.245,0.0,0.0,0.0,-1.084e-05,0.0,0.0,0.0,0.0,0.0,0.0,-1.084e-05,0.0,0.0,B
52,1773730716.2451231,,0.3503,0.2401,0.35,0.146946,0,0,0,0,3.5e-05,0.0,0.0,0.309653,0.0,0.0,0.0,0.0,0.0,0.0,0.309653,0.0,0.0,0.2401,0.0,0.0,0.2401,0.2401,0.2401,0.0,0.0,0.0,0.0,0.2401,0.0,0.0,0.0,-1.084e-05,0.0,0.0,0.0,0.0,0.0,0.0,-1.084e-05,0.0,0.0,B
53,1773730716.2565002,,0.35045,0.235298,0.35,0.148537,0,0,0,0,3.5e-05,0.0,0.0,0.309642,0.0,0.0,0.0,0.0,0.0,0.0,0.309642,0.0,0.0,0.235298,0.0,0.0,0.235298,0.235298,0.235298,0.0,0.0,0.0,0.0,0.235298,0.0,0.0,0.0,-1.084e-05,0.0,0.0,0.0,0.0,0.0,0.0,-1.084e-05,0.0,0.0,B
54,1773730716.2687306,,0.350599,0.230592,0.35,0.150081,0,0,0,0,3.5e-05,0.0,0.0,0.309631,0.0,0.0,0.0,0.0,0.0,0.0,0.309631,0.0,0.0,0.230592,0.0,0.0,0.230592,0.230592,0.230592,0.0,0.0,0.0,0.0,0.230592,0.0,0.0,0.0,-1.084e-05,0.0,0.0,0.0,0.0,0.0,0.0,-1.084e-05,0.0,0.0,B
55,1773730716.2792413,,0.350749,0.22598,0.35,0.151579,0,0,0,0,3.5e-05,0.0,0.0,0.30962,0.0,0.0,0.0,0.0,0.0,0.0,0.30962,0.0,0.0,0.22598,0.0,0.0,0.22598,0.22598,0.22598,0.0,0.0,0.0,0.0,0.22598,0.0,0.0,0.0,-1.084e-05,0.0,0.0,0.0,0.0,0.0,0.0,-1.084e-05,0.0,0.0,B
56,1773730716.2892444,,0.350898,0.221461,0.35,0.153031,0,0,0,0,3.5e-05,0.0,0.0,0.30961,0.0,0.0,0.0,0.0,0.0,0.0,0.30961,0.0,0.0,0.221461,0.0,0.0,0.221461,0.221461,0.221461,0.0,0.0,0.0,0.0,0.221461,0.0,0.0,0.0,-1.084e-05,0.0,0.0,0.0,0.0,0.0,0.0,-1.084e-05,0.0,0.0,B
57,1773730716.300256,,0.351047,0.217031,0.35,0.15444,0,0,0,0,3.5e-05,0.0,0.0,0.309599,0.0,0.0,0.0,0.0,0.0,0.0,0.309599,0.0,0.0,0.217031,0.0,0.0,0.217031,0.217031,0.217031,0.0,0.0,0.0,0.0,0.217031,0.0,0.0,0.0,-1.084e-05,0.0,0.0,0.0,0.0,0.0,0.0,-1.084e-05,0.0,0.0,B
58,1773730716.3112414,,0.351196,0.212691,0.35,0.155807,0,0,0,0,3.5e-05,0.0,0.0,0.309588,0.0,0.0,0.0,0.0,0.0,0.0,0.309588,0.0,0.0,0.212691,0.0,0.0,0.212691,0.212691,0.212691,0.0,0.0,0.0,0.0,0.212691,0.0,0.0,0.0,-1.084e-05,0.0,0.0,0.0,0.0,0.0,0.0,-1.084e-05,0.0,0.0,B
59,1773730716.3212411,,0.351345,0.208437,0.35,0.157133,0,0,0,0,3.5e-05,0.0,0.0,0.309577,0.0,0.0,0.0,0.0,0.0,0.0,0.309577,0.0,0.0,0.208437,0.0,0.0,0.208437,0.208437,0.208437,0.0,0.0,0.0,0.0,0.208437,0.0,0.0,0.0,-1.084e-05,0.0,0.0,0.0,0.0,0.0,0.0,-1.084e-05,0.0,0.0,B
60,1773730716.3322408,,0.351493,0.204268,0.35,0.158419,0,0,0,0,3.5e-05,0.0,0.0,0.309566,0.0,0.0,0.0,0.0,0.0,0.0,0.309566,0.0,0.0,0.204268,0.0,0.0,0.204268,0.204268,0.204268,0.0,0.0,0.0,0.0,0.204268,0.0,0.0,0.0,-1.084e-05,0.0,0.0,0.0,0.0,0.0,0.0,-1.084e-05,0.0,0.0,B
61,1773730716.3404055,pain,0.201792,0.445183,0.4,0.062666,0,1,0,0,4e-05,0.0,0.0,0.309554,0.0,0.0,0.0,0.0,0.0,0.0,0.309554,0.0,0.0,0.445183,0.0,0.0,0.445183,0.445183,0.445183,0.0,0.0,0.0,0.0,0.445183,0.0,0.0,0.0,-1.238e-05,0.0,0.0,0.0,0.0,0.0,0.0,-1.238e-05,0.0,0.0,B
62,1773730716.3524055,,0.20209,0.436279,0.4,0.066786,0,1,0,0,4e-05,0.0,0.0,0.309542,0.0,0.0,0.0,0.0,0.0,0.0,0.309542,0.0,0.0,0.436279,0.0,0.0,0.436279,0.436279,0.436279,0.0,0.0,0.0,0.0,0.436279,0.0,0.0,0.0,-1.238e-05,0.0,0.0,0.0,0.0,0.0,0.0,-1.238e-05,0.0,0.0,B
63,1773730716.3624053,,0.202388,0.427554,0.4,0.070783,0,1,0,0,4e-05,0.0,0.0,0.309529,0.0,0.0,0.0,0.0,0.0,0.0,0.309529,0.0,0.0,0.427554,0.0,0.0,0.427554,0.427554,0.427554,0.0,0.0,0.0,0.0,0.427554,0.0,0.0,0.0,-1.238e-05,0.0,0.0,0.0,0.0,0.0,0.0,-1.238e-05,0.0,0.0,B
64,1773730716.3714101,,0.202686,0.419003,0.4,0.074659,0,1,0,0,4e-05,0.0,0.0,0.309517,0.0,0.0,0.0,0.0,0.0,0.0,0.309517,0.0,0.0,0.419003,0.0,0.0,0.419003,0.419003,0.419003,0.0,0.0,0.0,0.0,0.419003,0.0,0.0,0.0,-1.238e-05,0.0,0.0,0.0,0.0,0.0,0.0,-1.238e-05,0.0,0.0,B
65,1773730716.3799243,,0.202983,0.410622,0.4,0.07842,0,1,0,0,4e-05,0.0,0.0,0.309504,0.0,0.0,0.0,0.0,0.0,0.0,0.309504,0.0,0.0,0.410622,0.0,0.0,0.410622,0.410622,0.410622,0.0,0.0,0.0,0.0,0.410622,0.0,0.0,0.0,-1.238e-05,0.0,0.0,0.0,0.0,0.0,0.0,-1.238e-05,0.0,0.0,B
66,1773730716.3889241,,0.20328,0.40241,0.4,0.082067,0,1,0,0,4e-05,0.0,0.0,0.309492,0.0,0.0,0.0,0.0,0.0,0.0,0.309492,0.0,0.0,0.40241,0.0,0.0,0.40241,0.40241,0.40241,0.0,0.0,0.0,0.0,0.40241,0.0,0.0,0.0,-1.238e-05,0.0,0.0,0.0,0.0,0.0,0.0,-1.238e-05,0.0,0.0,B
67,1773730716.3979242,,0.203577,0.394362,0.4,0.085605,0,1,0,0,4e-05,0.0,0.0,0.30948,0.0,0.0,0.0,0.0,0.0,0.0,0.30948,0.0,0.0,0.394362,0.0,0.0,0.394362,0.394362,0.394362,0.0,0.0,0.0,0.0,0.394362,0.0,0.0,0.0,-1.238e-05,0.0,0.0,0.0,0.0,0.0,0.0,-1.238e-05,0.0,0.0,B
68,1773730716.406924,,0.203873,0.386475,0.4,0.089037,0,1,0,0,4e-05,0.0,0.0,0.309467,0.0,0.0,0.0,0.0,0.0,0.0,0.309467,0.0,0.0,0.386475,0.0,0.0,0.386475,0.386475,0.386475,0.0,0.0,0.0,0.0,0.386475,0.0,0.0,0.0,-1.238e-05,0.0,0.0,0.0,0.0,0.0,0.0,-1.238e-05,0.0,0.0,B
69,1773730716.415924,,0.204169,0.378745,0.4,0.092366,0,1,0,0,4e-05,0.0,0.0,0.309455,0.0,0.0,0.0,0.0,0.0,0.0,0.309455,0.0,0.0,0.378745,0.0,0.0,0.378745,0.378745,0.378745,0.0,0.0,0.0,0.0,0.378745,0.0,0.0,0.0,-1.238e-05,0.0,0.0,0.0,0.0,0.0,0.0,-1.238e-05,0.0,0.0,B
70,1773730716.424924,,0.204465,0.37117,0.4,0.095595,0,1,0,0,4e-05,0.0,0.0,0.309443,0.0,0.0,0.0,0.0,0.0,0.0,0.309443,0.0,0.0,0.37117,0.0,0.0,0.37117,0.37117,0.37117,0.0,0.0,0.0,0.0,0.37117,0.0,0.0,0.0,-1.238e-05,0.0,0.0,0.0,0.0,0.0,0.0,-1.238e-05,0.0,0.0,B
71,1773730716.4339247,pain,0.05491,0.608747,0.45,0.006,0,1,0,0,4.5e-05,0.0,0.0,0.309429,0.0,0.0,0.0,0.0,0.0,0.0,0.309429,0.0,0.0,0.608747,0.0,0.0,0.608747,0.608747,0.608747,0.0,0.0,0.0,0.0,0.608747,0.0,0.0,0.0,-1.392e-05,0.0,0.0,0.0,0.0,0.0,0.0,-1.392e-05,0.0,0.0,B
72,1773730716.443071,,0.055356,0.596572,0.45,0.01182,0,1,0,0,4.5e-05,0.0,0.0,0.309415,0.0,0.0,0.0,0.0,0.0,0.0,0.309415,0.0,0.0,0.596572,0.0,0.0,0.596572,0.596572,0.596572,0.0,0.0,0.0,0.0,0.596572,0.0,0.0,0.0,-1.392e-05,0.0,0.0,0.0,0.0,0.0,0.0,-1.392e-05,0.0,0.0,B
73,1773730716.453412,,0.0558,0.58464,0.45,0.017465,0,1,0,0,4.5e-05,0.0,0.0,0.309401,0.0,0.0,0.0,0.0,0.0,0.0,0.309401,0.0,0.0,0.58464,0.0,0.0,0.58464,0.58464,0.58464,0.0,0.0,0.0,0.0,0.58464,0.0,0.0,0.0,-1.392e-05,0.0,0.0,0.0,0.0,0.0,0.0,-1.392e-05,0.0,0.0,B
74,1773730716.4624145,,0.056244,0.572948,0.45,0.022941,0,1,0,0,4.5e-05,0.0,0.0,0.309387,0.0,0.0,0.0,0.0,0.0,0.0,0.309387,0.0,0.0,0.572948,0.0,0.0,0.572948,0.572948,0.572948,0.0,0.0,0.0,0.0,0.572948,0.0,0.0,0.0,-1.392e-05,0.0,0.0,0.0,0.0,0.0,0.0,-1.392e-05,0.0,0.0,B
75,1773730716.4714186,,0.056688,0.561489,0.45,0.028253,0,1,0,0,4.5e-05,0.0,0.0,0.309373,0.0,0.0,0.0,0.0,0.0,0.0,0.309373,0.0,0.0,0.561489,0.0,0.0,0.561489,0.561489,0.561489,0.0,0.0,0.0,0.0,0.561489,0.0,0.0,0.0,-1.392e-05,0.0,0.0,0.0,0.0,0.0,0.0,-1.392e-05,0.0,0.0,B
76,1773730716.4816663,,0.057131,0.550259,0.45,0.033406,0,1,0,0,4.5e-05,0.0,0.0,0.309359,0.0,0.0,0.0,0.0,0.0,0.0,0.309359,0.0,0.0,0.550259,0.0,0.0,0.550259,0.550259,0.550259,0.0,0.0,0.0,0.0,0.550259,0.0,0.0,0.0,-1.392e-05,0.0,0.0,0.0,0.0,0.0,0.0,-1.392e-05,0.0,0.0,B
77,1773730716.490666,,0.057574,0.539254,0.45,0.038403,0,1,0,0,4.5e-05,0.0,0.0,0.309345,0.0,0.0,0.0,0.0,0.0,0.0,0.309345,0.0,0.0,0.539254,0.0,0.0,0.539254,0.539254,0.539254,0.0,0.0,0.0,0.0,0.539254,0.0,0.0,0.0,-1.392e-05,0.0,0.0,0.0,0.0,0.0,0.0,-1.392e-05,0.0,0.0,B
78,1773730716.5008345,,0.058017,0.528469,0.45,0.043251,0,1,0,0,4.5e-05,0.0,0.0,0.309331,0.0,0.0,0.0,0.0,0.0,0.0,0.309331,0.0,0.0,0.528469,0.0,0.0,0.528469,0.528469,0.528469,0.0,0.0,0.0,0.0,0.528469,0.0,0.0,0.0,-1.392e-05,0.0,0.0,0.0,0.0,0.0,0.0,-1.392e-05,0.0,0.0,B
79,1773730716.5098395,,0.058459,0.517899,0.45,0.047954,0,1,0,0,4.5e-05,0.0,0.0,0.309317,0.0,0.0,0.0,0.0,0.0,0.0,0.309317,0.0,0.0,0.517899,0.0,0.0,0.517899,0.517899,0.517899,0.0,0.0,0.0,0.0,0.517899,0.0,0.0,0.0,-1.392e-05,0.0,0.0,0.0,0.0,0.0,0.0,-1.392e-05,0.0,0.0,B
80,1773730716.5188344,,0.0589,0.507541,0.45,0.052515,0,1,0,0,4.5e-05,0.0,0.0,0.309303,0.0,0.0,0.0,0.0,0.0,0.0,0.309303,0.0,0.0,0.507541,0.0,0.0,0.507541,0.507541,0.507541,0.0,0.0,0.0,0.0,0.507541,0.0,0.0,0.0,-1.392e-05,0.0,0.0,0.0,0.0,0.0,0.0,-1.392e-05,0.0,0.0,B
81,1773730716.5279639,pain,0.0005,0.74239,0.5,0.006,0,1,0,0,5e-05,0.0,0.0,0.309288,0.0,0.0,0.0,0.0,0.0,0.0,0.309288,0.0,0.0,0.74239,0.0,0.0,0.74239,0.74239,0.74239,0.0,0.0,0.0,0.0,0.74239,0.0,0.0,0.0,-1.547e-05,0.0,0.0,0.0,0.0,0.0,0.0,-1.547e-05,0.0,0.0,B
82,1773730716.536962,,0.001,0.727543,0.5,0.01182,0,1,0,0,5e-05,0.0,0.0,0.309272,0.0,0.0,0.0,0.0,0.0,0.0,0.309272,0.0,0.0,0.727543,0.0,0.0,0.727543,0.727543,0.727543,0.0,0.0,0.0,0.0,0.727543,0.0,0.0,0.0,-1.546e-05,0.0,0.0,0.0,0.0,0.0,0.0,-1.546e-05,0.0,0.0,B
83,1773730716.5479717,,0.001499,0.712992,0.5,0.017465,0,1,0,0,5e-05,0.0,0.0,0.309257,0.0,0.0,0.0,0.0,0.0,0.0,0.309257,0.0,0.0,0.712992,0.0,0.0,0.712992,0.712992,0.712992,0.0,0.0,0.0,0.0,0.712992,0.0,0.0,0.0,-1.546e-05,0.0,0.0,0.0,0.0,0.0,0.0,-1.546e-05,0.0,0.0,B
84,1773730716.5591693,,0.001997,0.698732,0.5,0.022941,0,1,0,0,5e-05,0.0,0.0,0.309241,0.0,0.0,0.0,0.0,0.0,0.0,0.309241,0.0,0.0,0.698732,0.0,0.0,0.698732,0.698732,0.698732,0.0,0.0,0.0,0.0,0.698732,0.0,0.0,0.0,-1.546e-05,0.0,0.0,0.0,0.0,0.0,0.0,-1.546e-05,0.0,0.0,B
85,1773730716.568633,,0.002495,0.684757,0.5,0.028253,0,1,0,0,5e-05,0.0,0.0,0.309226,0.0,0.0,0.0,0.0,0.0,0.0,0.309226,0.0,0.0,0.684757,0.0,0.0,0.684757,0.684757,0.684757,0.0,0.0,0.0,0.0,0.684757,0.0,0.0,0.0,-1.546e-05,0.0,0.0,0.0,0.0,0.0,0.0,-1.546e-05,0.0,0.0,B
86,1773730716.5776372,,0.002993,0.671062,0.5,0.033406,0,1,0,0,5e-05,0.0,0.0,0.309211,0.0,0.0,0.0,0.0,0.0,0.0,0.309211,0.0,0.0,0.671062,0.0,0.0,0.671062,0.671062,0.671062,0.0,0.0,0.0,0.0,0.671062,0.0,0.0,0.0,-1.546e-05,0.0,0.0,0.0,0.0,0.0,0.0,-1.546e-05,0.0,0.0,B
87,1773730716.5871475,,0.00349,0.657641,0.5,0.038403,0,1,0,0,5e-05,0.0,0.0,0.309195,0.0,0.0,0.0,0.0,0.0,0.0,0.309195,0.0,0.0,0.657641,0.0,0.0,0.657641,0.657641,0.657641,0.0,0.0,0.0,0.0,0.657641,0.0,0.0,0.0,-1.546e-05,0.0,0.0,0.0,0.0,0.0,0.0,-1.546e-05,0.0,0.0,B
88,1773730716.596347,,0.003986,0.644488,0.5,0.043251,0,1,0,0,5e-05,0.0,0.0,0.30918,0.0,0.0,0.0,0.0,0.0,0.0,0.30918,0.0,0.0,0.644488,0.0,0.0,0.644488,0.644488,0.644488,0.0,0.0,0.0,0.0,0.644488,0.0,0.0,0.0,-1.546e-05,0.0,0.0,0.0,0.0,0.0,0.0,-1.546e-05,0.0,0.0,B
89,1773730716.6073468,,0.004482,0.631598,0.5,0.047954,0,1,0,0,5e-05,0.0,0.0,0.309164,0.0,0.0,0.0,0.0,0.0,0.0,0.309164,0.0,0.0,0.631598,0.0,0.0,0.631598,0.631598,0.631598,0.0,0.0,0.0,0.0,0.631598,0.0,0.0,0.0,-1.546e-05,0.0,0.0,0.0,0.0,0.0,0.0,-1.546e-05,0.0,0.0,B
90,1773730716.6163468,,0.004978,0.618966,0.5,0.052515,0,1,0,0,5e-05,0.0,0.0,0.309149,0.0,0.0,0.0,0.0,0.0,0.0,0.309149,0.0,0.0,0.618966,0.0,0.0,0.618966,0.618966,0.618966,0.0,0.0,0.0,0.0,0.618966,0.0,0.0,0.0,-1.546e-05,0.0,0.0,0.0,0.0,0.0,0.0,-1.546e-05,0.0,0.0,B
91,1773730716.6253855,pain,0.0005,0.851587,0.55,0.006,0,1,0,0,5.5e-05,0.0,0.0,0.309132,0.0,0.0,0.0,0.0,0.0,0.0,0.309132,0.0,0.0,0.851587,0.0,0.0,0.851587,0.851587,0.851587,0.0,0.0,0.0,0.0,0.851587,0.0,0.0,0.0,-1.7e-05,0.0,0.0,0.0,0.0,0.0,0.0,-1.7e-05,0.0,0.0,B
92,1773730716.6353903,,0.001,0.834555,0.55,0.01182,0,1,0,0,5.5e-05,0.0,0.0,0.309115,0.0,0.0,0.0,0.0,0.0,0.0,0.309115,0.0,0.0,0.834555,0.0,0.0,0.834555,0.834555,0.834555,0.0,0.0,0.0,0.0,0.834555,0.0,0.0,0.0,-1.7e-05,0.0,0.0,0.0,0.0,0.0,0.0,-1.7e-05,0.0,0.0,B
93,1773730716.6443882,,0.001499,0.817864,0.55,0.017465,0,1,0,0,5.5e-05,0.0,0.0,0.309098,0.0,0.0,0.0,0.0,0.0,0.0,0.309098,0.0,0.0,0.817864,0.0,0.0,0.817864,0.817864,0.817864,0.0,0.0,0.0,0.0,0.817864,0.0,0.0,0.0,-1.7e-05,0.0,0.0,0.0,0.0,0.0,0.0,-1.7e-05,0.0,0.0,B
94,1773730716.6543853,,0.001997,0.801507,0.55,0.022941,0,1,0,0,5.5e-05,0.0,0.0,0.309081,0.0,0.0,0.0,0.0,0.0,0.0,0.309081,0.0,0.0,0.801507,0.0,0.0,0.801507,0.801507,0.801507,0.0,0.0,0.0,0.0,0.801507,0.0,0.0,0.0,-1.7e-05,0.0,0.0,0.0,0.0,0.0,0.0,-1.7e-05,0.0,0.0,B
95,1773730716.6643906,,0.002495,0.785477,0.55,0.028253,0,1,0,0,5.5e-05,0.0,0.0,0.309064,0.0,0.0,0.0,0.0,0.0,0.0,0.309064,0.0,0.0,0.785477,0.0,0.0,0.785477,0.785477,0.785477,0.0,0.0,0.0,0.0,0.785477,0.0,0.0,0.0,-1.7e-05,0.0,0.0,0.0,0.0,0.0,0.0,-1.7e-05,0.0,0.0,B
96,1773730716.6733902,,0.002993,0.769767,0.55,0.033406,0,1,0,0,5.5e-05,0.0,0.0,0.309047,0.0,0.0,0.0,0.0,0.0,0.0,0.309047,0.0,0.0,0.769767,0.0,0.0,0.769767,0.769767,0.769767,0.0,0.0,0.0,0.0,0.769767,0.0,0.0,0.0,-1.7e-05,0.0,0.0,0.0,0.0,0.0,0.0,-1.7e-05,0.0,0.0,B
97,1773730716.6819015,,0.00349,0.754372,0.55,0.038403,0,1,0,0,5.5e-05,0.0,0.0,0.30903,0.0,0.0,0.0,0.0,0.0,0.0,0.30903,0.0,0.0,0.754372,0.0,0.0,0.754372,0.754372,0.754372,0.0,0.0,0.0,0.0,0.754372,0.0,0.0,0.0,-1.7e-05,0.0,0.0,0.0,0.0,0.0,0.0,-1.7e-05,0.0,0.0,B
98,1773730716.6909015,,0.003986,0.739284,0.55,0.043251,0,1,0,0,5.5e-05,0.0,0.0,0.309013,0.0,0.0,0.0,0.0,0.0,0.0,0.309013,0.0,0.0,0.739284,0.0,0.0,0.739284,0.739284,0.739284,0.0,0.0,0.0,0.0,0.739284,0.0,0.0,0.0,-1.7e-05,0.0,0.0,0.0,0.0,0.0,0.0,-1.7e-05,0.0,0.0,B
99,1773730716.6999016,,0.004482,0.724499,0.55,0.047954,0,1,0,0,5.5e-05,0.0,0.0,0.308996,0.0,0.0,0.0,0.0,0.0,0.0,0.308996,0.0,0.0,0.724499,0.0,0.0,0.724499,0.724499,0.724499,0.0,0.0,0.0,0.0,0.724499,0.0,0.0,0.0,-1.7e-05,0.0,0.0,0.0,0.0,0.0,0.0,-1.7e-05,0.0,0.0,B
100,1773730716.7089012,,0.004978,0.710009,0.55,0.052515,0,1,0,0,5.5e-05,0.0,0.0,0.308979,0.0,0.0,0.0,0.0,0.0,0.0,0.308979,0.0,0.0,0.710009,0.0,0.0,0.710009,0.710009,0.710009,0.0,0.0,0.0,0.0,0.710009,0.0,0.0,0.0,-1.699e-05,0.0,0.0,0.0,0.0,0.0,0.0,-1.699e-05,0.0,0.0,B
101,1773730716.7199023,joy,0.155323,0.597809,0.54,0.25094,0,1,0,0,5.4e-05,0.0,0.0,0.308962,0.0,0.0,0.0,0.0,0.0,0.0,0.308962,0.0,0.0,0.695809,0.0,0.0,0.695809,0.695809,0.695809,0.0,0.0,0.0,0.0,0.695809,0.0,0.0,0.0,-1.668e-05,0.0,0.0,0.0,0.0,0.0,0.0,-1.668e-05,0.0,0.0,C
102,1773730716.7289016,,0.155667,0.585852,0.54,0.249412,0,1,0,0,5.4e-05,0.0,0.0,0.308945,0.0,0.0,0.0,0.0,0.0,0.0,0.308945,0.0,0.0,0.681892,0.0,0.0,0.681892,0.681892,0.681892,0.0,0.0,0.0,0.0,0.681892,0.0,0.0,0.0,-1.668e-05,0.0,0.0,0.0,0.0,0.0,0.0,-1.668e-05,0.0,0.0,C
103,1773730716.7389011,,0.156012,0.574135,0.54,0.247929,0,1,0,0,5.4e-05,0.0,0.0,0.308929,0.0,0.0,0.0,0.0,0.0,0.0,0.308929,0.0,0.0,0.668255,0.0,0.0,0.668255,0.668255,0.668255,0.0,0.0,0.0,0.0,0.668255,0.0,0.0,0.0,-1.668e-05,0.0,0.0,0.0,0.0,0.0,0.0,-1.668e-05,0.0,0.0,C
104,1773730716.7489014,,0.156356,0.562653,0.54,0.246491,0,1,0,0,5.4e-05,0.0,0.0,0.308912,0.0,0.0,0.0,0.0,0.0,0.0,0.308912,0.0,0.0,0.65489,0.0,0.0,0.65489,0.65489,0.65489,0.0,0.0,0.0,0.0,0.65489,0.0,0.0,0.0,-1.668e-05,0.0,0.0,0.0,0.0,0.0,0.0,-1.668e-05,0.0,0.0,C
105,1773730716.757902,,0.156699,0.5514,0.54,0.245097,0,1,0,0,5.4e-05,0.0,0.0,0.308895,0.0,0.0,0.0,0.0,0.0,0.0,0.308895,0.0,0.0,0.641792,0.0,0.0,0.641792,0.641792,0.641792,0.0,0.0,0.0,0.0,0.641792,0.0,0.0,0.0,-1.668e-05,0.0,0.0,0.0,0.0,0.0,0.0,-1.668e-05,0.0,0.0,C
106,1773730716.7679076,,0.157043,0.540372,0.54,0.243744,0,1,0,0,5.4e-05,0.0,0.0,0.308879,0.0,0.0,0.0,0.0,0.0,0.0,0.308879,0.0,0.0,0.628956,0.0,0.0,0.628956,0.628956,0.628956,0.0,0.0,0.0,0.0,0.628956,0.0,0.0,0.0,-1.668e-05,0.0,0.0,0.0,0.0,0.0,0.0,-1.668e-05,0.0,0.0,C
107,1773730716.776911,,0.157385,0.529564,0.54,0.242431,0,1,0,0,5.4e-05,0.0,0.0,0.308862,0.0,0.0,0.0,0.0,0.0,0.0,0.308862,0.0,0.0,0.616377,0.0,0.0,0.616377,0.616377,0.616377,0.0,0.0,0.0,0.0,0.616377,0.0,0.0,0.0,-1.668e-05,0.0,0.0,0.0,0.0,0.0,0.0,-1.668e-05,0.0,0.0,C
108,1773730716.7864263,,0.157728,0.518973,0.54,0.241158,0,1,0,0,5.4e-05,0.0,0.0,0.308845,0.0,0.0,0.0,0.0,0.0,0.0,0.308845,0.0,0.0,0.604049,0.0,0.0,0.604049,0.604049,0.604049,0.0,0.0,0.0,0.0,0.604049,0.0,0.0,0.0,-1.668e-05,0.0,0.0,0.0,0.0,0.0,0.0,-1.668e-05,0.0,0.0,C
109,1773730716.7964606,,0.15807,0.508593,0.54,0.239924,0,1,0,0,5.4e-05,0.0,0.0,0.308829,0.0,0.0,0.0,0.0,0.0,0.0,0.308829,0.0,0.0,0.591968,0.0,0.0,0.591968,0.591968,0.591968,0.0,0.0,0.0,0.0,0.591968,0.0,0.0,0.0,-1.668e-05,0.0,0.0,0.0,0.0,0.0,0.0,-1.668e-05,0.0,0.0,C
110,1773730716.8054602,,0.158412,0.498422,0.54,0.238726,0,1,0,0,5.4e-05,0.0,0.0,0.308812,0.0,0.0,0.0,0.0,0.0,0.0,0.308812,0.0,0.0,0.580129,0.0,0.0,0.580129,0.580129,0.580129,0.0,0.0,0.0,0.0,0.580129,0.0,0.0,0.0,-1.668e-05,0.0,0.0,0.0,0.0,0.0,0.0,-1.668e-05,0.0,0.0,C
111,1773730716.812901,joy,0.308604,0.390453,0.53,0.431564,0,1,0,1,5.3e-05,0.0,0.0,0.308796,0.0,0.0,0.015801,0.0,0.0,0.0,0.308796,0.015801,0.0,0.568526,0.0,0.0,0.568526,0.568526,0.568526,0.0,0.0,0.0,0.0,0.568526,0.0,0.0,0.0,-1.637e-05,0.0,0.0,0.01580129,0.0,0.0,0.0,-1.637e-05,0.01580129,0.0,C
112,1773730716.8219013,,0.308795,0.382644,0.53,0.424617,0,1,0,1,5.3e-05,0.0,0.0,0.308779,0.0,0.0,0.031487,0.0,0.0,0.0,0.308779,0.031487,0.0,0.557156,0.0,0.0,0.557156,0.557156,0.557156,0.0,0.0,0.0,0.0,0.557156,0.0,0.0,0.0,-1.637e-05,0.0,0.0,0.01568526,0.0,0.0,0.0,-1.637e-05,0.01568526,0.0,C
113,1773730716.8299081,,0.308986,0.374991,0.53,0.417879,0,1,0,1,5.3e-05,0.0,0.0,0.308763,0.0,0.0,0.047058,0.0,0.0,0.0,0.308763,0.047058,0.0,0.546013,0.0,0.0,0.546013,0.546013,0.546013,0.0,0.0,0.0,0.0,0.546013,0.0,0.0,0.0,-1.637e-05,0.0,0.0,0.01557156,0.0,0.0,0.0,-1.637e-05,0.01557156,0.0,C
114,1773730716.837908,,0.309178,0.367491,0.53,0.411342,0,1,0,1,5.3e-05,0.0,0.0,0.308746,0.0,0.0,0.062518,0.0,0.0,0.0,0.308746,0.062518,0.0,0.535092,0.0,0.0,0.535092,0.535092,0.535092,0.0,0.0,0.0,0.0,0.535092,0.0,0.0,0.0,-1.636e-05,0.0,0.0,0.01546013,0.0,0.0,0.0,-1.636e-05,0.01546013,0.0,C
115,1773730716.84661,,0.309368,0.360142,0.53,0.405002,0,1,0,1,5.3e-05,0.0,0.0,0.30873,0.0,0.0,0.077869,0.0,0.0,0.0,0.30873,0.077869,0.0,0.524391,0.0,0.0,0.524391,0.524391,0.524391,0.0,0.0,0.0,0.0,0.524391,0.0,0.0,0.0,-1.636e-05,0.0,0.0,0.01535092,0.0,0.0,0.0,-1.636e-05,0.01535092,0.0,C
116,1773730716.856123,,0.309559,0.352939,0.53,0.398852,0,1,0,1,5.3e-05,0.0,0.0,0.308714,0.0,0.0,0.093113,0.0,0.0,0.0,0.308714,0.093113,0.0,0.513903,0.0,0.0,0.513903,0.513903,0.513903,0.0,0.0,0.0,0.0,0.513903,0.0,0.0,0.0,-1.636e-05,0.0,0.0,0.01524391,0.0,0.0,0.0,-1.636e-05,0.01524391,0.0,C
117,1773730716.8641326,,0.309749,0.34588,0.53,0.392886,0,1,0,1,5.3e-05,0.0,0.0,0.308697,0.0,0.0,0.108252,0.0,0.0,0.0,0.308697,0.108252,0.0,0.503625,0.0,0.0,0.503625,0.503625,0.503625,0.0,0.0,0.0,0.0,0.503625,0.0,0.0,0.0,-1.636e-05,0.0,0.0,0.01513903,0.0,0.0,0.0,-1.636e-05,0.01513903,0.0,C
118,1773730716.8731377,,0.30994,0.338962,0.53,0.3871,0,1,0,1,5.3e-05,0.0,0.0,0.308681,0.0,0.0,0.123288,0.0,0.0,0.0,0.308681,0.123288,0.0,0.493552,0.0,0.0,0.493552,0.493552,0.493552,0.0,0.0,0.0,0.0,0.493552,0.0,0.0,0.0,-1.636e-05,0.0,0.0,0.01503625,0.0,0.0,0.0,-1.636e-05,0.01503625,0.0,C
119,1773730716.8816528,,0.31013,0.332183,0.53,0.381487,0,1,0,1,5.3e-05,0.0,0.0,0.308665,0.0,0.0,0.138217,0.0,0.0,0.0,0.308665,0.138217,0.0,0.483681,0.0,0.0,0.483681,0.483681,0.483681,0.0,0.0,0.0,0.0,0.483681,0.0,0.0,0.0,-1.636e-05,0.0,0.0,0.0149282,0.0,0.0,0.0,-1.636e-05,0.0149282,0.0,C
120,1773730716.8901722,,0.31032,0.325539,0.53,0.376042,0,1,0,1,5.3e-05,0.0,0.0,0.308648,0.0,0.0,0.153045,0.0,0.0,0.0,0.308648,0.153045,0.0,0.474008,0.0,0.0,0.474008,0.474008,0.474008,0.0,0.0,0.0,0.0,0.474008,0.0,0.0,0.0,-1.636e-05,0.0,0.0,0.0148287,0.0,0.0,0.0,-1.636e-05,0.0148287,0.0,C
121,1773730716.899175,joy,0.460359,0.221029,0.52,0.564761,1,0,0,1,5.2e-05,0.0,0.0,0.318632,0.0,0.0,0.153037,0.0,0.0,0.0,0.318632,0.153037,0.0,0.464527,0.0,0.0,0.464527,0.464527,0.464527,0.0,0.0,0.0,0.0,0.464527,0.0,0.0,0.0,0.00998343,0.0,0.0,-7.96e-06,0.0,0.0,0.0,0.00998343,-7.96e-06,0.0,C
122,1773730716.9091713,,0.460399,0.216608,0.52,0.553818,1,0,0,1,5.2e-05,0.0,0.0,0.328615,0.0,0.0,0.153029,0.0,0.0,0.0,0.328615,0.153029,0.0,0.455237,0.0,0.0,0.455237,0.455237,0.455237,0.0,0.0,0.0,0.0,0.455237,0.0,0.0,0.0,0.00998291,0.0,0.0,-7.96e-06,0.0,0.0,0.0,0.00998291,-7.96e-06,0.0,C
123,1773730716.9192889,,0.460439,0.212276,0.52,0.543204,1,0,0,1,5.2e-05,0.0,0.0,0.338597,0.0,0.0,0.153021,0.0,0.0,0.0,0.338597,0.153021,0.0,0.446132,0.0,0.0,0.446132,0.446132,0.446132,0.0,0.0,0.0,0.0,0.446132,0.0,0.0,0.0,0.00998239,0.0,0.0,-7.96e-06,0.0,0.0,0.0,0.00998239,-7.96e-06,0.0,C
124,1773730716.9298334,,0.460478,0.20803,0.52,0.532908,1,0,0,1,5.2e-05,0.0,0.0,0.348579,0.0,0.0,0.153013,0.0,0.0,0.0,0.348579,0.153013,0.0,0.437209,0.0,0.0,0.437209,0.437209,0.437209,0.0,0.0,0.0,0.0,0.437209,0.0,0.0,0.0,0.00998187,0.0,0.0,-7.96e-06,0.0,0.0,0.0,0.00998187,-7.96e-06,0.0,C
125,1773730716.938831,,0.460518,0.20387,0.52,0.52292,1,0,0,1,5.2e-05,0.0,0.0,0.35856,0.0,0.0,0.153005,0.0,0.0,0.0,0.35856,0.153005,0.0,0.428465,0.0,0.0,0.428465,0.428465,0.428465,0.0,0.0,0.0,0.0,0.428465,0.0,0.0,0.0,0.00998135,0.0,0.0,-7.96e-06,0.0,0.0,0.0,0.00998135,-7.96e-06,0.0,C
126,1773730716.9478307,,0.460557,0.199792,0.52,0.513233,1,0,0,1,5.2e-05,0.0,0.0,0.368541,0.0,0.0,0.152997,0.0,0.0,0.0,0.368541,0.152997,0.0,0.419896,0.0,0.0,0.419896,0.419896,0.419896,0.0,0.0,0.0,0.0,0.419896,0.0,0.0,0.0,0.00998083,0.0,0.0,-7.96e-06,0.0,0.0,0.0,0.00998083,-7.96e-06,0.0,C
127,1773730716.9588668,,0.460597,0.195797,0.52,0.503836,1,0,0,1,5.2e-05,0.0,0.0,0.378521,0.0,0.0,0.15299,0.0,0.0,0.0,0.378521,0.15299,0.0,0.411498,0.0,0.0,0.411498,0.411498,0.411498,0.0,0.0,0.0,0.0,0.411498,0.0,0.0,0.0,0.00998032,0.0,0.0,-7.96e-06,0.0,0.0,0.0,0.00998032,-7.96e-06,0.0,C
128,1773730716.9678738,,0.460636,0.191881,0.52,0.494721,1,0,0,1,5.2e-05,0.0,0.0,0.388501,0.0,0.0,0.152982,0.0,0.0,0.0,0.388501,0.152982,0.0,0.403268,0.0,0.0,0.403268,0.403268,0.403268,0.0,0.0,0.0,0.0,0.403268,0.0,0.0,0.0,0.0099798,0.0,0.0,-7.96e-06,0.0,0.0,0.0,0.0099798,-7.96e-06,0.0,C
129,1773730716.9768767,,0.460675,0.188043,0.52,0.485879,1,0,0,1,5.2e-05,0.0,0.0,0.39848,0.0,0.0,0.152974,0.0,0.0,0.0,0.39848,0.152974,0.0,0.395203,0.0,0.0,0.395203,0.395203,0.395203,0.0,0.0,0.0,0.0,0.395203,0.0,0.0,0.0,0.00997928,0.0,0.0,-7.96e-06,0.0,0.0,0.0,0.00997928,-7.96e-06,0.0,C
130,1773730716.986395,,0.460715,0.184282,0.52,0.477303,1,0,0,1,5.2e-05,0.0,0.0,0.408459,0.0,0.0,0.152966,0.0,0.0,0.0,0.408459,0.152966,0.0,0.387299,0.0,0.0,0.387299,0.387299,0.387299,0.0,0.0,0.0,0.0,0.387299,0.0,0.0,0.0,0.00997876,0.0,0.0,-7.95e-06,0.0,0.0,0.0,0.00997876,-7.95e-06,0.0,C
131,1773730716.9943962,joy,0.610604,0.082597,0.51,0.662984,1,0,0,1,5.1e-05,0.0,0.0,0.418438,0.0,0.0,0.152958,0.0,0.0,0.0,0.418438,0.152958,0.0,0.379553,0.0,0.0,0.379553,0.379553,0.379553,0.0,0.0,0.0,0.0,0.379553,0.0,0.0,0.0,0.00997866,0.0,0.0,-7.8e-06,0.0,0.0,0.0,0.00997866,-7.8e-06,0.0,C
132,1773730717.003394,,0.610493,0.080945,0.51,0.649094,1,0,0,1,5.1e-05,0.0,0.0,0.428416,0.0,0.0,0.15295,0.0,0.0,0.0,0.428416,0.15295,0.0,0.371962,0.0,0.0,0.371962,0.371962,0.371962,0.0,0.0,0.0,0.0,0.371962,0.0,0.0,0.0,0.00997815,0.0,0.0,-7.8e-06,0.0,0.0,0.0,0.00997815,-7.8e-06,0.0,C
133,1773730717.013398,,0.610383,0.079326,0.51,0.635621,1,0,0,1,5.1e-05,0.0,0.0,0.438394,0.0,0.0,0.152942,0.0,0.0,0.0,0.438394,0.152942,0.0,0.364522,0.0,0.0,0.364522,0.364522,0.364522,0.0,0.0,0.0,0.0,0.364522,0.0,0.0,0.0,0.00997764,0.0,0.0,-7.8e-06,0.0,0.0,0.0,0.00997764,-7.8e-06,0.0,C
134,1773730717.0213938,,0.610272,0.077739,0.51,0.622553,1,0,0,1,5.1e-05,0.0,0.0,0.448371,0.0,0.0,0.152934,0.0,0.0,0.0,0.448371,0.152934,0.0,0.357232,0.0,0.0,0.357232,0.357232,0.357232,0.0,0.0,0.0,0.0,0.357232,0.0,0.0,0.0,0.00997713,0.0,0.0,-7.8e-06,0.0,0.0,0.0,0.00997713,-7.8e-06,0.0,C
135,1773730717.029395,,0.610162,0.076184,0.51,0.609876,1,0,0,1,5.1e-05,0.0,0.0,0.458347,0.0,0.0,0.152927,0.0,0.0,0.0,0.458347,0.152927,0.0,0.350087,0.0,0.0,0.350087,0.350087,0.350087,0.0,0.0,0.0,0.0,0.350087,0.0,0.0,0.0,0.00997662,0.0,0.0,-7.8e-06,0.0,0.0,0.0,0.00997662,-7.8e-06,0.0,C
136,1773730717.0383935,,0.610052,0.074661,0.51,0.59758,1,0,0,1,5.1e-05,0.0,0.0,0.468324,0.0,0.0,0.152919,0.0,0.0,0.0,0.468324,0.152919,0.0,0.343086,0.0,0.0,0.343086,0.343086,0.343086,0.0,0.0,0.0,0.0,0.343086,0.0,0.0,0.0,0.00997611,0.0,0.0,-7.8e-06,0.0,0.0,0.0,0.00997611,-7.8e-06,0.0,C
137,1773730717.0465627,,0.609942,0.073167,0.51,0.585652,1,0,0,1,5.1e-05,0.0,0.0,0.478299,0.0,0.0,0.152911,0.0,0.0,0.0,0.478299,0.152911,0.0,0.336224,0.0,0.0,0.336224,0.336224,0.336224,0.0,0.0,0.0,0.0,0.336224,0.0,0.0,0.0,0.00997561,0.0,0.0,-7.8e-06,0.0,0.0,0.0,0.00997561,-7.8e-06,0.0,C
138,1773730717.0557034,,0.609832,0.071704,0.51,0.574083,1,0,0,1,5.1e-05,0.0,0.0,0.488274,0.0,0.0,0.152903,0.0,0.0,0.0,0.488274,0.152903,0.0,0.329499,0.0,0.0,0.329499,0.329499,0.329499,0.0,0.0,0.0,0.0,0.329499,0.0,0.0,0.0,0.0099751,0.0,0.0,-7.8e-06,0.0,0.0,0.0,0.0099751,-7.8e-06,0.0,C
139,1773730717.0647087,,0.609722,0.07027,0.51,0.56286,1,0,0,1,5.1e-05,0.0,0.0,0.498249,0.0,0.0,0.152895,0.0,0.0,0.0,0.498249,0.152895,0.0,0.322909,0.0,0.0,0.322909,0.322909,0.322909,0.0,0.0,0.0,0.0,0.322909,0.0,0.0,0.0,0.00997459,0.0,0.0,-7.8e-06,0.0,0.0,0.0,0.00997459,-7.8e-06,0.0,C
140,1773730717.0727084,,0.609612,0.068865,0.51,0.551974,1,0,0,1,5.1e-05,0.0,0.0,0.508223,0.0,0.0,0.152888,0.0,0.0,0.0,0.508223,0.152888,0.0,0.316451,0.0,0.0,0.316451,0.316451,0.316451,0.0,0.0,0.0,0.0,0.316451,0.0,0.0,0.0,0.00997408,0.0,0.0,-7.8e-06,0.0,0.0,0.0,0.00997408,-7.8e-06,0.0,C
141,1773730717.0802171,joy,0.759353,0.0,0.5,0.735415,1,0,0,1,5e-05,0.0,0.0,0.518197,0.0,0.0,0.15288,0.0,0.0,0.0,0.518197,0.15288,0.0,0.310122,0.0,0.0,0.310122,0.310122,0.310122,0.0,0.0,0.0,0.0,0.310122,0.0,0.0,0.0,0.00997409,0.0,0.0,-7.64e-06,0.0,0.0,0.0,0.00997409,-7.64e-06,0.0,C
142,1773730717.088232,,0.759093,0.0,0.5,0.719353,1,0,0,1,5e-05,0.0,0.0,0.528171,0.0,0.0,0.152872,0.0,0.0,0.0,0.528171,0.152872,0.0,0.30392,0.0,0.0,0.30392,0.30392,0.30392,0.0,0.0,0.0,0.0,0.30392,0.0,0.0,0.0,0.00997359,0.0,0.0,-7.64e-06,0.0,0.0,0.0,0.00997359,-7.64e-06,0.0,C
143,1773730717.097231,,0.758834,0.0,0.5,0.703772,1,0,0,1,5e-05,0.0,0.0,0.538144,0.0,0.0,0.152865,0.0,0.0,0.0,0.538144,0.152865,0.0,0.297841,0.0,0.0,0.297841,0.297841,0.297841,0.0,0.0,0.0,0.0,0.297841,0.0,0.0,0.0,0.00997309,0.0,0.0,-7.64e-06,0.0,0.0,0.0,0.00997309,-7.64e-06,0.0,C
144,1773730717.1052313,,0.758576,0.0,0.5,0.688659,1,0,0,1,5e-05,0.0,0.0,0.548116,0.0,0.0,0.152857,0.0,0.0,0.0,0.548116,0.152857,0.0,0.291885,0.0,0.0,0.291885,0.291885,0.291885,0.0,0.0,0.0,0.0,0.291885,0.0,0.0,0.0,0.00997259,0.0,0.0,-7.64e-06,0.0,0.0,0.0,0.00997259,-7.64e-06,0.0,C
145,1773730717.11323,,0.758317,0.0,0.5,0.673999,1,0,0,1,5e-05,0.0,0.0,0.558088,0.0,0.0,0.152849,0.0,0.0,0.0,0.558088,0.152849,0.0,0.286047,0.0,0.0,0.286047,0.286047,0.286047,0.0,0.0,0.0,0.0,0.286047,0.0,0.0,0.0,0.00997209,0.0,0.0,-7.64e-06,0.0,0.0,0.0,0.00997209,-7.64e-06,0.0,C
146,1773730717.1212316,,0.758059,0.0,0.5,0.659779,1,0,0,1,5e-05,0.0,0.0,0.56806,0.0,0.0,0.152842,0.0,0.0,0.0,0.56806,0.152842,0.0,0.280326,0.0,0.0,0.280326,0.280326,0.280326,0.0,0.0,0.0,0.0,0.280326,0.0,0.0,0.0,0.0099716,0.0,0.0,-7.64e-06,0.0,0.0,0.0,0.0099716,-7.64e-06,0.0,C
147,1773730717.1292317,,0.757801,0.0,0.5,0.645986,1,0,0,1,5e-05,0.0,0.0,0.578031,0.0,0.0,0.152834,0.0,0.0,0.0,0.578031,0.152834,0.0,0.274719,0.0,0.0,0.274719,0.274719,0.274719,0.0,0.0,0.0,0.0,0.274719,0.0,0.0,0.0,0.0099711,0.0,0.0,-7.64e-06,0.0,0.0,0.0,0.0099711,-7.64e-06,0.0,C
148,1773730717.1372313,,0.757543,0.0,0.5,0.632606,1,0,0,1,5e-05,0.0,0.0,0.588002,0.0,0.0,0.152827,0.0,0.0,0.0,0.588002,0.152827,0.0,0.269225,0.0,0.0,0.269225,0.269225,0.269225,0.0,0.0,0.0,0.0,0.269225,0.0,0.0,0.0,0.0099706,0.0,0.0,-7.64e-06,0.0,0.0,0.0,0.0099706,-7.64e-06,0.0,C
149,1773730717.1452355,,0.757285,0.0,0.5,0.619628,1,0,0,1,5e-05,0.0,0.0,0.597972,0.0,0.0,0.152819,0.0,0.0,0.0,0.597972,0.152819,0.0,0.26384,0.0,0.0,0.26384,0.26384,0.26384,0.0,0.0,0.0,0.0,0.26384,0.0,0.0,0.0,0.0099701,0.0,0.0,-7.64e-06,0.0,0.0,0.0,0.0099701,-7.64e-06,0.0,C
150,1773730717.1532385,,0.757028,0.0,0.5,0.607039,1,0,0,1,5e-05,0.0,0.0,0.607941,0.0,0.0,0.152811,0.0,0.0,0.0,0.607941,0.152811,0.0,0.258564,0.0,0.0,0.258564,0.258564,0.258564,0.0,0.0,0.0,0.0,0.258564,0.0,0.0,0.0,0.0099696,0.0,0.0,-7.64e-06,0.0,0.0,0.0,0.0099696,-7.64e-06,0.0,C
151,1773730717.1622384,pain,0.606921,0.245,0.55,0.497828,1,0,0,1,5.5e-05,0.0,0.0,0.617907,0.0,0.0,0.152811,0.0,0.0,0.0,0.617907,0.152811,0.0,0.498392,0.0,0.0,0.498392,0.498392,0.498392,0.0,0.0,0.0,0.0,0.498392,0.0,0.0,0.0,0.00996601,0.0,0.0,0.0,0.0,0.0,0.0,0.00996601,0.0,0.0,D
152,1773730717.1722436,,0.606814,0.2401,0.55,0.488893,1,0,0,1,5.5e-05,0.0,0.0,0.627873,0.0,0.0,0.152803,0.0,0.0,0.0,0.627873,0.152803,0.0,0.488425,0.0,0.0,0.488425,0.488425,0.488425,0.0,0.0,0.0,0.0,0.488425,0.0,0.0,0.0,0.00996547,0.0,0.0,-8.4e-06,0.0,0.0,0.0,0.00996547,-8.4e-06,0.0,D
153,1773730717.1818573,,0.606707,0.235298,0.55,0.480226,1,0,0,1,5.5e-05,0.0,0.0,0.637838,0.0,0.0,0.152794,0.0,0.0,0.0,0.637838,0.152794,0.0,0.478656,0.0,0.0,0.478656,0.478656,0.478656,0.0,0.0,0.0,0.0,0.478656,0.0,0.0,0.0,0.00996492,0.0,0.0,-8.4e-06,0.0,0.0,0.0,0.00996492,-8.4e-06,0.0,D
154,1773730717.190857,,0.6066,0.230592,0.55,0.47182,1,0,0,1,5.5e-05,0.0,0.0,0.647802,0.0,0.0,0.152786,0.0,0.0,0.0,0.647802,0.152786,0.0,0.469083,0.0,0.0,0.469083,0.469083,0.469083,0.0,0.0,0.0,0.0,0.469083,0.0,0.0,0.0,0.00996437,0.0,0.0,-8.4e-06,0.0,0.0,0.0,0.00996437,-8.4e-06,0.0,D
155,1773730717.1988573,,0.606494,0.22598,0.55,0.463665,1,0,0,1,5.5e-05,0.0,0.0,0.657766,0.0,0.0,0.152778,0.0,0.0,0.0,0.657766,0.152778,0.0,0.459701,0.0,0.0,0.459701,0.459701,0.459701,0.0,0.0,0.0,0.0,0.459701,0.0,0.0,0.0,0.00996382,0.0,0.0,-8.4e-06,0.0,0.0,0.0,0.00996382,-8.4e-06,0.0,D
156,1773730717.207046,,0.606387,0.221461,0.55,0.455755,1,0,0,1,5.5e-05,0.0,0.0,0.667729,0.0,0.0,0.152769,0.0,0.0,0.0,0.667729,0.152769,0.0,0.450507,0.0,0.0,0.450507,0.450507,0.450507,0.0,0.0,0.0,0.0,0.450507,0.0,0.0,0.0,0.00996327,0.0,0.0,-8.4e-06,0.0,0.0,0.0,0.00996327,-8.4e-06,0.0,D
157,1773730717.2150462,,0.606281,0.217031,0.55,0.448082,1,0,0,1,5.5e-05,0.0,0.0,0.677692,0.0,0.0,0.152761,0.0,0.0,0.0,0.677692,0.152761,0.0,0.441497,0.0,0.0,0.441497,0.441497,0.441497,0.0,0.0,0.0,0.0,0.441497,0.0,0.0,0.0,0.00996272,0.0,0.0,-8.4e-06,0.0,0.0,0.0,0.00996272,-8.4e-06,0.0,D
158,1773730717.2230465,,0.606175,0.212691,0.55,0.44064,1,0,0,1,5.5e-05,0.0,0.0,0.687654,0.0,0.0,0.152752,0.0,0.0,0.0,0.687654,0.152752,0.0,0.432667,0.0,0.0,0.432667,0.432667,0.432667,0.0,0.0,0.0,0.0,0.432667,0.0,0.0,0.0,0.00996218,0.0,0.0,-8.4e-06,0.0,0.0,0.0,0.00996218,-8.4e-06,0.0,D
159,1773730717.2310464,,0.606069,0.208437,0.55,0.433421,1,0,0,1,5.5e-05,0.0,0.0,0.697616,0.0,0.0,0.152744,0.0,0.0,0.0,0.697616,0.152744,0.0,0.424014,0.0,0.0,0.424014,0.424014,0.424014,0.0,0.0,0.0,0.0,0.424014,0.0,0.0,0.0,0.00996163,0.0,0.0,-8.4e-06,0.0,0.0,0.0,0.00996163,-8.4e-06,0.0,D
160,1773730717.239046,,0.605962,0.204268,0.55,0.426418,1,0,0,1,5.5e-05,0.0,0.0,0.707577,0.0,0.0,0.152736,0.0,0.0,0.0,0.707577,0.152736,0.0,0.415534,0.0,0.0,0.415534,0.415534,0.415534,0.0,0.0,0.0,0.0,0.415534,0.0,0.0,0.0,0.00996108,0.0,0.0,-8.4e-06,0.0,0.0,0.0,0.00996108,-8.4e-06,0.0,D
161,1773730717.2470465,pain,0.456007,0.445183,0.6,0.322626,1,1,0,1,6e-05,0.016655,0.0,0.717534,0.016655,0.0,0.169391,0.0,0.0,0.0,0.717534,0.169391,0.0,0.652223,0.0,0.0,0.652223,0.652223,0.652223,0.0,0.0,0.0,0.0,0.652223,0.0,0.01665534,0.0,0.00995695,0.01665534,0.0,0.01665534,0.0,0.0,0.0,0.00995695,0.01665534,0.0,D
162,1773730717.2550461,,0.456051,0.436279,0.6,0.318947,1,1,0,1,6e-05,0.033178,0.0,0.72749,0.033178,0.0,0.185913,0.0,0.0,0.0,0.72749,0.185913,0.0,0.639178,0.0,0.0,0.639178,0.639178,0.639178,0.0,0.0,0.0,0.0,0.639178,0.0,0.01652223,0.0,0.00995635,0.01652223,0.0,0.01652223,0.0,0.0,0.0,0.00995635,0.01652223,0.0,D
163,1773730717.2642539,,0.456094,0.427554,0.6,0.315378,1,1,0,1,6e-05,0.049569,0.0,0.737446,0.049569,0.0,0.202305,0.0,0.0,0.0,0.737446,0.202305,0.0,0.626395,0.0,0.0,0.626395,0.626395,0.626395,0.0,0.0,0.0,0.0,0.626395,0.0,0.01639178,0.0,0.00995575,0.01639178,0.0,0.01639178,0.0,0.0,0.0,0.00995575,0.01639178,0.0,D
164,1773730717.272259,,0.456138,0.419003,0.6,0.311917,1,1,0,1,6e-05,0.065833,0.0,0.747401,0.065833,0.0,0.218569,0.0,0.0,0.0,0.747401,0.218569,0.0,0.613867,0.0,0.0,0.613867,0.613867,0.613867,0.0,0.0,0.0,0.0,0.613867,0.0,0.01626395,0.0,0.00995515,0.01626395,0.0,0.01626395,0.0,0.0,0.0,0.00995515,0.01626395,0.0,D
165,1773730717.2797637,,0.456182,0.410622,0.6,0.30856,1,1,0,1,6e-05,0.081972,0.0,0.757356,0.081972,0.0,0.234708,0.0,0.0,0.0,0.757356,0.234708,0.0,0.60159,0.0,0.0,0.60159,0.60159,0.60159,0.0,0.0,0.0,0.0,0.60159,0.0,0.01613867,0.0,0.00995456,0.01613867,0.0,0.01613867,0.0,0.0,0.0,0.00995456,0.01613867,0.0,D
166,1773730717.2877793,,0.456226,0.40241,0.6,0.305303,1,1,0,1,6e-05,0.097988,0.0,0.76731,0.097988,0.0,0.250723,0.0,0.0,0.0,0.76731,0.250723,0.0,0.589558,0.0,0.0,0.589558,0.589558,0.589558,0.0,0.0,0.0,0.0,0.589558,0.0,0.0160159,0.0,0.00995396,0.0160159,0.0,0.0160159,0.0,0.0,0.0,0.00995396,0.0160159,0.0,D
167,1773730717.2957783,,0.45627,0.394362,0.6,0.302144,1,1,0,1,6e-05,0.113883,0.0,0.777263,0.113883,0.0,0.266619,0.0,0.0,0.0,0.777263,0.266619,0.0,0.577767,0.0,0.0,0.577767,0.577767,0.577767,0.0,0.0,0.0,0.0,0.577767,0.0,0.01589558,0.0,0.00995336,0.01589558,0.0,0.01589558,0.0,0.0,0.0,0.00995336,0.01589558,0.0,D
168,1773730717.3037775,,0.456314,0.386475,0.6,0.299079,1,1,0,1,6e-05,0.129661,0.0,0.787216,0.129661,0.0,0.282397,0.0,0.0,0.0,0.787216,0.282397,0.0,0.566211,0.0,0.0,0.566211,0.566211,0.566211,0.0,0.0,0.0,0.0,0.566211,0.0,0.01577767,0.0,0.00995276,0.01577767,0.0,0.01577767,0.0,0.0,0.0,0.00995276,0.01577767,0.0,D
169,1773730717.3117778,,0.456357,0.378745,0.6,0.296107,1,1,0,1,6e-05,0.145323,0.0,0.797168,0.145323,0.0,0.298059,0.0,0.0,0.0,0.797168,0.298059,0.0,0.554887,0.0,0.0,0.554887,0.554887,0.554887,0.0,0.0,0.0,0.0,0.554887,0.0,0.01566211,0.0,0.00995217,0.01566211,0.0,0.01566211,0.0,0.0,0.0,0.00995217,0.01566211,0.0,D
170,1773730717.3187785,,0.456401,0.37117,0.6,0.293224,1,1,0,1,6e-05,0.160872,0.0,0.807119,0.160872,0.0,0.313608,0.0,0.0,0.0,0.807119,0.313608,0.0,0.543789,0.0,0.0,0.543789,0.543789,0.543789,0.0,0.0,0.0,0.0,0.543789,0.0,0.01554887,0.0,0.00995157,0.01554887,0.0,0.01554887,0.0,0.0,0.0,0.00995157,0.01554887,0.0,D
171,1773730717.3277836,pain,0.306594,0.608747,0.65,0.193427,0,1,1,0,6.5e-05,0.160872,0.0,0.807067,0.160872,0.017938,0.313608,0.0,0.009999,0.0,0.807067,0.313608,0.0,0.777914,0.0,0.0,0.777914,0.777914,0.777914,0.0,0.0,0.0,0.0,0.777914,0.0,0.0,0.0,-5.246e-05,0.0,0.01793789,0.0,0.0,0.00999935,0.0,-5.246e-05,0.0,0.0,D
172,1773730717.3367777,,0.306788,0.596572,0.65,0.193624,0,1,1,0,6.5e-05,0.160872,0.0,0.807014,0.160872,0.035717,0.313608,0.0,0.019998,0.0,0.807014,0.313608,0.0,0.762355,0.0,0.0,0.762355,0.762355,0.762355,0.0,0.0,0.0,0.0,0.762355,0.0,0.0,0.0,-5.246e-05,0.0,0.01777914,0.0,0.0,0.0099987,0.0,-5.246e-05,0.0,0.0,D
173,1773730717.3457778,,0.306981,0.58464,0.65,0.193816,0,1,1,0,6.5e-05,0.160872,0.0,0.806962,0.160872,0.053341,0.313608,0.0,0.029996,0.0,0.806962,0.313608,0.0,0.747108,0.0,0.0,0.747108,0.747108,0.747108,0.0,0.0,0.0,0.0,0.747108,0.0,0.0,0.0,-5.246e-05,0.0,0.01762355,0.0,0.0,0.00999805,0.0,-5.246e-05,0.0,0.0,D
174,1773730717.3547776,,0.307174,0.572948,0.65,0.194001,0,1,1,0,6.5e-05,0.160872,0.0,0.80691,0.160872,0.070812,0.313608,0.0,0.039994,0.0,0.80691,0.313608,0.0,0.732166,0.0,0.0,0.732166,0.732166,0.732166,0.0,0.0,0.0,0.0,0.732166,0.0,0.0,0.0,-5.245e-05,0.0,0.01747108,0.0,0.0,0.0099974,0.0,-5.245e-05,0.0,0.0,D
175,1773730717.3639956,,0.307367,0.561489,0.65,0.194181,0,1,1,0,6.5e-05,0.160872,0.0,0.806857,0.160872,0.088133,0.313608,0.0,0.04999,0.0,0.806857,0.313608,0.0,0.717523,0.0,0.0,0.717523,0.717523,0.717523,0.0,0.0,0.0,0.0,0.717523,0.0,0.0,0.0,-5.245e-05,0.0,0.01732166,0.0,0.0,0.00999675,0.0,-5.245e-05,0.0,0.0,D
176,1773730717.373001,,0.30756,0.550259,0.65,0.194356,0,1,1,0,6.5e-05,0.160872,0.0,0.806805,0.160872,0.105309,0.313608,0.0,0.059986,0.0,0.806805,0.313608,0.0,0.703172,0.0,0.0,0.703172,0.703172,0.703172,0.0,0.0,0.0,0.0,0.703172,0.0,0.0,0.0,-5.245e-05,0.0,0.01717523,0.0,0.0,0.0099961,0.0,-5.245e-05,0.0,0.0,D
177,1773730717.3815188,,0.307752,0.539254,0.65,0.194525,0,1,1,0,6.5e-05,0.160872,0.0,0.806752,0.160872,0.12234,0.313608,0.0,0.069982,0.0,0.806752,0.313608,0.0,0.689109,0.0,0.0,0.689109,0.689109,0.689109,0.0,0.0,0.0,0.0,0.689109,0.0,0.0,0.0,-5.244e-05,0.0,0.01703172,0.0,0.0,0.00999545,0.0,-5.244e-05,0.0,0.0,D
178,1773730717.3905191,,0.307944,0.528469,0.65,0.194689,0,1,1,0,6.5e-05,0.160872,0.0,0.8067,0.160872,0.139231,0.313608,0.0,0.079977,0.0,0.8067,0.313608,0.0,0.675327,0.0,0.0,0.675327,0.675327,0.675327,0.0,0.0,0.0,0.0,0.675327,0.0,0.0,0.0,-5.244e-05,0.0,0.01689109,0.0,0.0,0.0099948,0.0,-5.244e-05,0.0,0.0,D
179,1773730717.3985236,,0.308136,0.517899,0.65,0.194849,0,1,1,0,6.5e-05,0.160872,0.0,0.806647,0.160872,0.155985,0.313608,0.0,0.089971,0.0,0.806647,0.313608,0.0,0.66182,0.0,0.0,0.66182,0.66182,0.66182,0.0,0.0,0.0,0.0,0.66182,0.0,0.0,0.0,-5.244e-05,0.0,0.01675327,0.0,0.0,0.00999415,0.0,-5.244e-05,0.0,0.0,D
180,1773730717.4075232,,0.308328,0.507541,0.65,0.195003,0,1,1,0,6.5e-05,0.160872,0.0,0.806595,0.160872,0.172603,0.313608,0.0,0.099964,0.0,0.806595,0.313608,0.0,0.648584,0.0,0.0,0.648584,0.648584,0.648584,0.0,0.0,0.0,0.0,0.648584,0.0,0.0,0.0,-5.243e-05,0.0,0.0166182,0.0,0.0,0.0099935,0.0,-5.243e-05,0.0,0.0,D
181,1773730717.415518,pain,0.15867,0.74239,0.7,0.098153,0,1,1,0,7e-05,0.160872,0.0,0.806538,0.160872,0.191589,0.313608,0.0,0.109957,0.0,0.806538,0.313608,0.0,0.880612,0.0,0.0,0.880612,0.880612,0.880612,0.0,0.0,0.0,0.0,0.880612,0.0,0.0,0.0,-5.646e-05,0.0,0.01898584,0.0,0.0,0.0099923,0.0,-5.646e-05,0.0,0.0,D
182,1773730717.4248407,,0.159011,0.727543,0.7,0.101208,0,1,1,0,7e-05,0.160872,0.0,0.806482,0.160872,0.210395,0.313608,0.0,0.119948,0.0,0.806482,0.313608,0.0,0.863,0.0,0.0,0.863,0.863,0.863,0.0,0.0,0.0,0.0,0.863,0.0,0.0,0.0,-5.646e-05,0.0,0.01880612,0.0,0.0,0.0099916,0.0,-5.646e-05,0.0,0.0,D
183,1773730717.433841,,0.159352,0.712992,0.7,0.104172,0,1,1,0,7e-05,0.160872,0.0,0.806426,0.160872,0.229025,0.313608,0.0,0.129939,0.0,0.806426,0.313608,0.0,0.84574,0.0,0.0,0.84574,0.84574,0.84574,0.0,0.0,0.0,0.0,0.84574,0.0,0.0,0.0,-5.645e-05,0.0,0.01863,0.0,0.0,0.0099909,0.0,-5.645e-05,0.0,0.0,D
184,1773730717.442849,,0.159693,0.698732,0.7,0.107047,0,1,1,0,7e-05,0.160872,0.0,0.806369,0.160872,0.247482,0.313608,0.0,0.139929,0.0,0.806369,0.313608,0.0,0.828825,0.0,0.0,0.828825,0.828825,0.828825,0.0,0.0,0.0,0.0,0.828825,0.0,0.0,0.0,-5.645e-05,0.0,0.0184574,0.0,0.0,0.0099902,0.0,-5.645e-05,0.0,0.0,D
185,1773730717.4528484,,0.160033,0.684757,0.7,0.109836,0,1,1,0,7e-05,0.160872,0.0,0.806313,0.160872,0.26577,0.313608,0.0,0.149919,0.0,0.806313,0.313608,0.0,0.812248,0.0,0.0,0.812248,0.812248,0.812248,0.0,0.0,0.0,0.0,0.812248,0.0,0.0,0.0,-5.645e-05,0.0,0.01828825,0.0,0.0,0.0099895,0.0,-5.645e-05,0.0,0.0,D
186,1773730717.4853783,,0.160373,0.671062,0.7,0.112541,0,1,1,0,7e-05,0.160872,0.0,0.806256,0.160872,0.283893,0.313608,0.0,0.159908,0.0,0.806256,0.313608,0.0,0.796004,0.0,0.0,0.796004,0.796004,0.796004,0.0,0.0,0.0,0.0,0.796004,0.0,0.0,0.0,-5.644e-05,0.0,0.01812248,0.0,0.0,0.00998881,0.0,-5.644e-05,0.0,0.0,D
187,1773730717.5013258,,0.160713,0.657641,0.7,0.115164,0,1,1,0,7e-05,0.160872,0.0,0.8062,0.160872,0.301853,0.313608,0.0,0.169896,0.0,0.8062,0.313608,0.0,0.780083,0.0,0.0,0.780083,0.780083,0.780083,0.0,0.0,0.0,0.0,0.780083,0.0,0.0,0.0,-5.644e-05,0.0,0.01796004,0.0,0.0,0.00998811,0.0,-5.644e-05,0.0,0.0,D
188,1773730717.5123334,,0.161052,0.644488,0.7,0.117709,0,1,1,0,7e-05,0.160872,0.0,0.806143,0.160872,0.319654,0.313608,0.0,0.179883,0.0,0.806143,0.313608,0.0,0.764482,0.0,0.0,0.764482,0.764482,0.764482,0.0,0.0,0.0,0.0,0.764482,0.0,0.0,0.0,-5.643e-05,0.0,0.01780083,0.0,0.0,0.00998741,0.0,-5.643e-05,0.0,0.0,D
189,1773730717.5242593,,0.161391,0.631598,0.7,0.120178,0,1,1,0,7e-05,0.160872,0.0,0.806087,0.160872,0.337299,0.313608,0.0,0.18987,0.0,0.806087,0.313608,0.0,0.749192,0.0,0.0,0.749192,0.749192,0.749192,0.0,0.0,0.0,0.0,0.749192,0.0,0.0,0.0,-5.643e-05,0.0,0.01764482,0.0,0.0,0.00998671,0.0,-5.643e-05,0.0,0.0,D
190,1773730717.5351071,,0.16173,0.618966,0.7,0.122573,0,1,1,0,7e-05,0.160872,0.0,0.80603,0.160872,0.354791,0.313608,0.0,0.199856,0.0,0.80603,0.313608,0.0,0.734208,0.0,0.0,0.734208,0.734208,0.734208,0.0,0.0,0.0,0.0,0.734208,0.0,0.0,0.0,-5.643e-05,0.0,0.01749192,0.0,0.0,0.00998601,0.0,-5.643e-05,0.0,0.0,D
191,1773730717.5451062,pain,0.012218,0.851587,0.75,0.027896,0,1,1,0,7.5e-05,0.160872,0.0,0.80597,0.160872,0.374633,0.313608,0.0,0.20984,0.0,0.80597,0.313608,0.0,0.964524,0.0,0.0,0.964524,0.964524,0.964524,0.0,0.0,0.0,0.0,0.964524,0.0,0.0,0.0,-6.045e-05,0.0,0.01984208,0.0,0.0,0.00998426,0.0,-6.045e-05,0.0,0.0,D
192,1773730717.5594535,,0.012706,0.834555,0.75,0.033059,0,1,1,0,7.5e-05,0.160872,0.0,0.80591,0.160872,0.394278,0.313608,0.0,0.219824,0.0,0.80591,0.313608,0.0,0.945234,0.0,0.0,0.945234,0.945234,0.945234,0.0,0.0,0.0,0.0,0.945234,0.0,0.0,0.0,-6.045e-05,0.0,0.01964524,0.0,0.0,0.00998351,0.0,-6.045e-05,0.0,0.0,D
193,1773730717.5710034,,0.013193,0.817864,0.75,0.038067,0,1,1,0,7.5e-05,0.160872,0.0,0.805849,0.160872,0.41373,0.313608,0.0,0.229806,0.0,0.805849,0.313608,0.0,0.926329,0.0,0.0,0.926329,0.926329,0.926329,0.0,0.0,0.0,0.0,0.926329,0.0,0.0,0.0,-6.044e-05,0.0,0.01945234,0.0,0.0,0.00998276,0.0,-6.044e-05,0.0,0.0,D
194,1773730717.5828426,,0.01368,0.801507,0.75,0.042925,0,1,1,0,7.5e-05,0.160872,0.0,0.805789,0.160872,0.432993,0.313608,0.0,0.239788,0.0,0.805789,0.313608,0.0,0.907802,0.0,0.0,0.907802,0.907802,0.907802,0.0,0.0,0.0,0.0,0.907802,0.0,0.0,0.0,-6.044e-05,0.0,0.01926329,0.0,0.0,0.00998201,0.0,-6.044e-05,0.0,0.0,D
195,1773730717.5978413,,0.014166,0.785477,0.75,0.047637,0,1,1,0,7.5e-05,0.160872,0.0,0.805728,0.160872,0.452072,0.313608,0.0,0.24977,0.0,0.805728,0.313608,0.0,0.889646,0.0,0.0,0.889646,0.889646,0.889646,0.0,0.0,0.0,0.0,0.889646,0.0,0.0,0.0,-6.043e-05,0.0,0.01907802,0.0,0.0,0.00998127,0.0,-6.043e-05,0.0,0.0,D
196,1773730717.607237,,0.014652,0.769767,0.75,0.052208,0,1,1,0,7.5e-05,0.160872,0.0,0.805668,0.160872,0.470968,0.313608,0.0,0.25975,0.0,0.805668,0.313608,0.0,0.871853,0.0,0.0,0.871853,0.871853,0.871853,0.0,0.0,0.0,0.0,0.871853,0.0,0.0,0.0,-6.043e-05,0.0,0.01889646,0.0,0.0,0.00998052,0.0,-6.043e-05,0.0,0.0,D
197,1773730717.6156585,,0.015137,0.754372,0.75,0.056642,0,1,1,0,7.5e-05,0.160872,0.0,0.805607,0.160872,0.489687,0.313608,0.0,0.26973,0.0,0.805607,0.313608,0.0,0.854416,0.0,0.0,0.854416,0.854416,0.854416,0.0,0.0,0.0,0.0,0.854416,0.0,0.0,0.0,-6.043e-05,0.0,0.01871853,0.0,0.0,0.00997977,0.0,-6.043e-05,0.0,0.0,D
198,1773730717.6278348,,0.015622,0.739284,0.75,0.060943,0,1,1,0,7.5e-05,0.160872,0.0,0.805547,0.160872,0.508231,0.313608,0.0,0.279709,0.0,0.805547,0.313608,0.0,0.837328,0.0,0.0,0.837328,0.837328,0.837328,0.0,0.0,0.0,0.0,0.837328,0.0,0.0,0.0,-6.042e-05,0.0,0.01854416,0.0,0.0,0.00997902,0.0,-6.042e-05,0.0,0.0,D
199,1773730717.6435533,,0.016106,0.724499,0.75,0.065114,0,1,1,0,7.5e-05,0.160872,0.0,0.805487,0.160872,0.526604,0.313608,0.0,0.289687,0.0,0.805487,0.313608,0.0,0.820581,0.0,0.0,0.820581,0.820581,0.820581,0.0,0.0,0.0,0.0,0.820581,0.0,0.0,0.0,-6.042e-05,0.0,0.01837328,0.0,0.0,0.00997827,0.0,-6.042e-05,0.0,0.0,D
200,1773730717.656014,,0.01659,0.710009,0.75,0.069161,0,1,1,0,7.5e-05,0.160872,0.0,0.805426,0.160872,0.54481,0.313608,0.0,0.299665,0.0,0.805426,0.313608,0.0,0.80417,0.0,0.0,0.80417,0.80417,0.80417,0.0,0.0,0.0,0.0,0.80417,0.0,0.0,0.0,-6.041e-05,0.0,0.01820581,0.0,0.0,0.00997752,0.0,-6.041e-05,0.0,0.0,D
